{
  "checkId": 5,
  "verification": "ulsShearZ",
  "annexCoefficients": {
    "gamma_M0": 1,
    "gamma_M1": 1,
    "gamma_M2": 1.25,
    "eta": 1.2,
    "lambda_LT_0": 0.4,
    "beta_LT": 0.75
  },
  "scenarios": [
    {
      "scenarioId": "i-c1",
      "inputs": {
        "N_Ed": -200000,
        "M_y_Ed": 20000000,
        "M_z_Ed": 5000000,
        "V_y_Ed": 10000,
        "V_z_Ed": 50000,
        "A": 2848,
        "Wel_y": 200000,
        "Wel_z": 50000,
        "Wpl_y": 220600,
        "Wpl_z": 57700,
        "Av_y": 2848,
        "Av_z": 1424,
        "tw": 5.6,
        "hw": 181.2,
        "section_shape": "I",
        "fy": 355,
        "E": 210000,
        "G": 81000,
        "Iy": 19430000,
        "Iz": 1424000,
        "It": 69800,
        "Iw": 12990000000,
        "L": 3000,
        "k_y": 1,
        "k_z": 1,
        "k_LT": 1,
        "psi_y": 0.1,
        "psi_z": -0.2,
        "psi_LT": 1,
        "moment_shape_y": "linear",
        "support_condition_y": "pinned-pinned",
        "moment_shape_z": "linear",
        "support_condition_z": "pinned-pinned",
        "moment_shape_LT": "uniform",
        "support_condition_LT": "pinned-pinned",
        "load_application_LT": "centroid",
        "alpha_y": 0.21,
        "alpha_z": 0.34,
        "alpha_LT": 0.34,
        "section_class": 1
      },
      "expected": {
        "outcome": "ok",
        "ratio": 0.17131377666253336,
        "intermediates": {
          "abs_V_z_Ed": 50000,
          "Av_z": 1424,
          "class_guard": 1,
          "fy": 355,
          "gamma_M0": 1,
          "section_class": 1,
          "shear_z_check": 0.17131377666253336,
          "sqrt3": 1.7320508075688772,
          "V_pl_z_den": 1.7320508075688772,
          "V_pl_z_num": 505520,
          "V_pl_z_Rd": 291862.1080807396,
          "V_z_Ed": 50000
        }
      }
    },
    {
      "scenarioId": "i-c2",
      "inputs": {
        "N_Ed": -200000,
        "M_y_Ed": 20000000,
        "M_z_Ed": 5000000,
        "V_y_Ed": 10000,
        "V_z_Ed": 50000,
        "A": 2848,
        "Wel_y": 200000,
        "Wel_z": 50000,
        "Wpl_y": 220600,
        "Wpl_z": 57700,
        "Av_y": 2848,
        "Av_z": 1424,
        "tw": 5.6,
        "hw": 181.2,
        "section_shape": "I",
        "fy": 355,
        "E": 210000,
        "G": 81000,
        "Iy": 19430000,
        "Iz": 1424000,
        "It": 69800,
        "Iw": 12990000000,
        "L": 3000,
        "k_y": 1,
        "k_z": 1,
        "k_LT": 1,
        "psi_y": 0.1,
        "psi_z": -0.2,
        "psi_LT": 1,
        "moment_shape_y": "linear",
        "support_condition_y": "pinned-pinned",
        "moment_shape_z": "linear",
        "support_condition_z": "pinned-pinned",
        "moment_shape_LT": "uniform",
        "support_condition_LT": "pinned-pinned",
        "load_application_LT": "centroid",
        "alpha_y": 0.21,
        "alpha_z": 0.34,
        "alpha_LT": 0.34,
        "section_class": 2
      },
      "expected": {
        "outcome": "ok",
        "ratio": 0.17131377666253336,
        "intermediates": {
          "abs_V_z_Ed": 50000,
          "Av_z": 1424,
          "class_guard": 1,
          "fy": 355,
          "gamma_M0": 1,
          "section_class": 2,
          "shear_z_check": 0.17131377666253336,
          "sqrt3": 1.7320508075688772,
          "V_pl_z_den": 1.7320508075688772,
          "V_pl_z_num": 505520,
          "V_pl_z_Rd": 291862.1080807396,
          "V_z_Ed": 50000
        }
      }
    },
    {
      "scenarioId": "i-c3",
      "inputs": {
        "N_Ed": -200000,
        "M_y_Ed": 20000000,
        "M_z_Ed": 5000000,
        "V_y_Ed": 10000,
        "V_z_Ed": 50000,
        "A": 2848,
        "Wel_y": 200000,
        "Wel_z": 50000,
        "Wpl_y": 220600,
        "Wpl_z": 57700,
        "Av_y": 2848,
        "Av_z": 1424,
        "tw": 5.6,
        "hw": 181.2,
        "section_shape": "I",
        "fy": 355,
        "E": 210000,
        "G": 81000,
        "Iy": 19430000,
        "Iz": 1424000,
        "It": 69800,
        "Iw": 12990000000,
        "L": 3000,
        "k_y": 1,
        "k_z": 1,
        "k_LT": 1,
        "psi_y": 0.1,
        "psi_z": -0.2,
        "psi_LT": 1,
        "moment_shape_y": "linear",
        "support_condition_y": "pinned-pinned",
        "moment_shape_z": "linear",
        "support_condition_z": "pinned-pinned",
        "moment_shape_LT": "uniform",
        "support_condition_LT": "pinned-pinned",
        "load_application_LT": "centroid",
        "alpha_y": 0.21,
        "alpha_z": 0.34,
        "alpha_LT": 0.34,
        "section_class": 3
      },
      "expected": {
        "outcome": "ok",
        "ratio": 0.17131377666253336,
        "intermediates": {
          "abs_V_z_Ed": 50000,
          "Av_z": 1424,
          "class_guard": 1,
          "fy": 355,
          "gamma_M0": 1,
          "section_class": 3,
          "shear_z_check": 0.17131377666253336,
          "sqrt3": 1.7320508075688772,
          "V_pl_z_den": 1.7320508075688772,
          "V_pl_z_num": 505520,
          "V_pl_z_Rd": 291862.1080807396,
          "V_z_Ed": 50000
        }
      }
    },
    {
      "scenarioId": "i-c4",
      "inputs": {
        "N_Ed": -200000,
        "M_y_Ed": 20000000,
        "M_z_Ed": 5000000,
        "V_y_Ed": 10000,
        "V_z_Ed": 50000,
        "A": 2848,
        "Wel_y": 200000,
        "Wel_z": 50000,
        "Wpl_y": 220600,
        "Wpl_z": 57700,
        "Av_y": 2848,
        "Av_z": 1424,
        "tw": 5.6,
        "hw": 181.2,
        "section_shape": "I",
        "fy": 355,
        "E": 210000,
        "G": 81000,
        "Iy": 19430000,
        "Iz": 1424000,
        "It": 69800,
        "Iw": 12990000000,
        "L": 3000,
        "k_y": 1,
        "k_z": 1,
        "k_LT": 1,
        "psi_y": 0.1,
        "psi_z": -0.2,
        "psi_LT": 1,
        "moment_shape_y": "linear",
        "support_condition_y": "pinned-pinned",
        "moment_shape_z": "linear",
        "support_condition_z": "pinned-pinned",
        "moment_shape_LT": "uniform",
        "support_condition_LT": "pinned-pinned",
        "load_application_LT": "centroid",
        "alpha_y": 0.21,
        "alpha_z": 0.34,
        "alpha_LT": 0.34,
        "section_class": 4
      },
      "expected": {
        "outcome": "not_applicable",
        "type": "NOT_APPLICABLE_SECTION_CLASS",
        "messageIncludes": "shear-z: class 4 sections are out of scope"
      }
    },
    {
      "scenarioId": "rhs-c1",
      "inputs": {
        "N_Ed": -200000,
        "M_y_Ed": 20000000,
        "M_z_Ed": 5000000,
        "V_y_Ed": 10000,
        "V_z_Ed": 50000,
        "A": 2848,
        "Wel_y": 200000,
        "Wel_z": 50000,
        "Wpl_y": 220600,
        "Wpl_z": 57700,
        "Av_y": 2848,
        "Av_z": 1424,
        "tw": 5.6,
        "hw": 181.2,
        "section_shape": "RHS",
        "fy": 355,
        "E": 210000,
        "G": 81000,
        "Iy": 19430000,
        "Iz": 1424000,
        "It": 69800,
        "Iw": 12990000000,
        "L": 3000,
        "k_y": 1,
        "k_z": 1,
        "k_LT": 1,
        "psi_y": 0.1,
        "psi_z": -0.2,
        "psi_LT": 1,
        "moment_shape_y": "linear",
        "support_condition_y": "pinned-pinned",
        "moment_shape_z": "linear",
        "support_condition_z": "pinned-pinned",
        "moment_shape_LT": "uniform",
        "support_condition_LT": "pinned-pinned",
        "load_application_LT": "centroid",
        "alpha_y": 0.21,
        "alpha_z": 0.34,
        "alpha_LT": 0.34,
        "section_class": 1
      },
      "expected": {
        "outcome": "ok",
        "ratio": 0.17131377666253336,
        "intermediates": {
          "abs_V_z_Ed": 50000,
          "Av_z": 1424,
          "class_guard": 1,
          "fy": 355,
          "gamma_M0": 1,
          "section_class": 1,
          "shear_z_check": 0.17131377666253336,
          "sqrt3": 1.7320508075688772,
          "V_pl_z_den": 1.7320508075688772,